https://mytestproject-668e91.webflow.io/home-copy,https://mytestproject-668e91.webflow.io/
https://mytestproject-668e91.webflow.io/,https://mytestproject-668e91.webflow.io/home-copy
https://mytestproject-668e91.webflow.io/home-copy,https://mytestproject-668e91.webflow.io/
https://mytestproject-668e91.webflo/,https://mytestproect-668e91.webflow.io/home-copy
https://mytestproject-668e91.webflow.io/,https://mytestproect-668e91.webf
https://mytesproject-668e91.webflow.io/home-copy,https://mytestproject-668e91.webflow.io/
https://mytestproject-668e91.webflow.io/,https://mytestproject-68e91.webflow.io/
https://mytestproject-668e91.webflow.io/home-copy,https://mytestproject-668e91.webflow.io/home-copy
https://firebase.google.com/docs/functions?hl=en,https://firebase.google.com/docs/functions/use-cases?hl=en
https://www.lego.com/pl-pl/product/fire-command-unit-60282,https://www.lego.com/pl-pl/product/tractor-60287
https://developers.google.com/recaptcha/intro,https://developers.google.com/recaptcha/docs/versions